{
  "lr": 0.003633534722941957,
  "batch_size": 64,
  "dropout": 0.4463433172678807,
  "weight_decay": 3.7785732030838055e-06,
  "epochs": 30,
  "img_size": 64,
  "num_classes": 43,
  "save_every": 5,
  "lr_step": 15,
  "lr_gamma": 0.1,
  "data_root": "data"
}