{
  "final_epoch": 30,
  "best_val_acc": 0.9915719576043928,
  "total_time_s": 746.7969408035278
}