{
  "final_epoch": 30,
  "best_val_loss": 0.034457403494806735,
  "total_time_s": 722.5221037864685
}