{
  "final_epoch": 30,
  "best_val_loss": 0.05803797324858508,
  "total_time_s": 789.3846225738525
}