{
  "final_epoch": 200,
  "best_val_loss": 4.272738078725524e-05,
  "total_time_s": 5.423115491867065
}